0,0,0,0,0,0,0,0,0,0,256.6419,420.0623,370.5896,206.9567,309.4095,358.3125,286.92905,288.8648,339.981,349.661
0.5973,0.5634,0.1142,5.4578,0.4315,1.6468,5.1656,0.26,1.2708,2.3085,256.0446,419.4989,370.4754,201.4989,308.978,356.6657,281.76345,288.6048,338.7102,347.3525
7.2085,1.3348,0.2514,7.1728,0.9423,4.0215,6.4222,0.9779,0.2832,1.8034,249.4334,418.7275,370.3382,199.7839,308.4672,354.291,280.50685,287.8869,339.6978,347.8576
9.762,2.0888,1.6676,10.0867,4.6515,6.4306,7.2473,2.404,4.7696,5.7507,246.8799,417.9735,368.922,196.87,304.758,351.8819,279.68175,286.4608,335.2114,343.9103
8.3894,3.4976,0.651,14.2233,9.9807,2.8641,4.9004,1.1089,2.8232,6.8707,248.2525,416.5647,369.9386,192.7334,299.4288,355.4484,282.02865,287.7559,337.1578,342.7903
7.5727,0.4921,2.5192,17.0751,13.1664,4.6438,5.3499,1.4285,3.6256,1.3498,249.0692,419.5702,368.0704,189.8816,296.2431,353.6687,281.57915,287.4363,336.3554,348.3112
11.0617,0.4737,1.4017,16.6629,13.4761,4.7516,6.0627,0.2183,9.3794,1.3172,245.5802,419.5886,369.1879,190.2938,295.9334,353.5609,280.86635,288.6465,330.6016,348.3438
10.8745,1.3156,0.8534,17.4138,14.2542,3.0902,2.3884,0.7502,12.5183,1.8754,245.7674,418.7467,369.7362,189.5429,295.1553,355.2223,284.54065,288.1146,327.4627,347.7856
16.0397,1.818,1.8543,16.1379,16.4213,1.6051,2.6883,5.3599,12.8235,3.7129,240.6022,418.2443,368.7353,190.8188,292.9882,356.7074,284.24075,283.5049,327.1575,345.9481
18.7516,0.924,6.9911,14.5581,17.0865,5.3455,3.4702,5.2151,14.4413,3.6282,237.8903,419.1383,363.5985,192.3986,292.323,352.967,283.45885,283.6497,325.5397,346.0328
18.1631,3.5133,7.4637,11.5448,18.2818,3.5531,1.9122,3.6317,21.1483,7.0836,238.4788,416.549,363.1259,195.4119,291.1277,354.7594,285.01685,285.2331,318.8327,342.5774
21.5885,6.7274,5.3453,11.0973,16.804,0.6308,3.3486,7.626,25.2041,3.919,235.0534,413.3349,365.2443,195.8594,292.6055,357.6817,283.58045,281.2388,314.7769,345.742
17.1994,6.0319,8.9552,11.7516,15.9679,1.5488,0.4903,10.286,22.0395,10.7754,239.4425,414.0304,361.6344,195.2051,293.4416,356.7637,286.43875,278.5788,317.9415,338.8856
21.9219,3.2393,9.0076,7.7197,19.417,7.2188,0.6777,9.2459,22.8782,14.703,234.72,416.823,361.582,199.237,289.9925,351.0937,286.25135,279.6189,317.1028,334.958
21.2486,6.9509,11.4632,8.5139,20.5095,7.6364,0.0489,7.646,26.0455,14.4001,235.3933,413.1114,359.1264,198.4428,288.9,350.6761,286.88015,281.2188,313.9355,335.2609
22.7745,6.4919,10.7877,9.3078,19.1041,8.8021,1.2998,11.7288,22.3347,15.5121,233.8674,413.5704,359.8019,197.6489,290.3054,349.5104,285.62925,277.136,317.6463,334.1489
21.3649,4.9474,10.2079,10.1103,20.4512,6.6698,0.1661,12.1618,23.4484,13.5533,235.277,415.1149,360.3817,196.8464,288.9583,351.6427,286.76295,276.703,316.5326,336.1077
22.6433,10.8684,7.8593,11.9114,21.6629,11.4493,0.4438,13.002,23.6181,11.4407,233.9986,409.1939,362.7303,195.0453,287.7466,346.8632,286.48525,275.8628,316.3629,338.2203
28.639,14.6316,10.3004,8.2556,23.6662,12.13,2.4064,14.2761,24.7311,11.9922,228.0029,405.4307,360.2892,198.7011,285.7433,346.1825,284.52265,274.5887,315.2499,337.6688
27.5896,12.1106,11.8452,4.6104,24.464,13.8825,0.4083,12.9618,22.951,14.95,229.0523,407.9517,358.7444,202.3463,284.9455,344.43,286.52075,275.903,317.03,334.711
28.7329,17.954,9.2775,6.5158,22.0944,11.7136,2.3459,16.1927,18.4673,17.7496,227.909,402.1083,361.3121,200.4409,287.3151,346.5989,284.58315,272.6721,321.5137,331.9114
26.6208,12.9865,7.892,2.7162,18.1418,14.3232,4.2076,22.7685,15.9799,23.739,230.0211,407.0758,362.6976,204.2405,291.2677,343.9893,282.72145,266.0963,324.0011,325.922
26.46,15.1957,9.5724,2.92,21.5462,15.7027,6.3702,16.5363,21.2904,23.2269,230.1819,404.8666,361.0172,204.0367,287.8633,342.6098,280.55885,272.3285,318.6906,326.4341
27.4843,18.8679,7.638,4.1448,22.1428,12.9943,9.3909,17.4101,21.2971,22.9869,229.1576,401.1944,362.9516,202.8119,287.2667,345.3182,277.53815,271.4547,318.6839,326.6741
28.1411,18.443,9.6714,2.9096,18.7752,13.4494,12.3625,20.2613,19.1296,16.1026,228.5008,401.6193,360.9182,204.0471,290.6343,344.8631,274.56655,268.6035,320.8514,333.5584
32.3714,13.6966,5.5948,1.7936,18.1075,12.6072,12.8016,18.5057,23.3632,15.6363,224.2705,406.3657,364.9948,205.1631,291.302,345.7053,274.12745,270.3591,316.6178,334.0247
36.8028,12.0076,8.1023,6.4402,14.9394,13.2463,11.9603,19.0931,26.1446,16.3728,219.8391,408.0547,362.4873,200.5165,294.4701,345.0662,274.96875,269.7717,313.8364,333.2882
40.1112,10.5974,7.1921,3.6252,17.1516,12.9334,12.0175,19.8945,24.2124,16.8227,216.5307,409.4649,363.3975,203.3315,292.2579,345.3791,274.91155,268.9703,315.7686,332.8383
40.2652,12.9917,6.4684,6.8926,20.8841,12.7809,15.6426,18.6577,27.4065,15.4591,216.3767,407.0706,364.1212,200.0641,288.5254,345.5316,271.28645,270.2071,312.5745,334.2019
40.0854,13.2067,9.5664,10.0045,19.3061,10.3981,12.8234,20.8771,30.6943,12.403,216.5565,406.8556,361.0232,196.9522,290.1034,347.9144,274.10565,267.9877,309.2867,337.258
45.0161,13.6172,7.8404,7.1982,20.0177,9.8928,11.6801,24.4413,28.9971,11.6655,211.6258,406.4451,362.7492,199.7585,289.3918,348.4197,275.24895,264.4235,310.9839,337.9955
42.9056,17.0146,5.2685,3.9196,23.7921,12.2708,14.7904,25.3819,30.7755,17.8376,213.7363,403.0477,365.3211,203.0371,285.6174,346.0417,272.13865,263.4829,309.2055,331.8234
44.4892,15.3129,9.6455,5.9052,25.9138,17.2368,17.3788,26.7099,30.1447,15.7296,212.1527,404.7494,360.9441,201.0515,283.4957,341.0757,269.55025,262.1549,309.8363,333.9314
43.4084,13.0873,7.7432,3.7671,26.346,14.5163,16.4177,25.614,33.804,16.0867,213.2335,406.975,362.8464,203.1896,283.0635,343.7962,270.51135,263.2508,306.177,333.5743
46.9657,12.5513,9.6383,5.2053,26.0984,21.1564,16.2205,28.9232,30.8148,13.3739,209.6762,407.511,360.9513,201.7514,283.3111,337.1561,270.70855,259.9416,309.1662,336.2871
48.8115,8.6635,11.6215,5.0583,27.9091,25.544,16.1583,29.0344,30.084,16.8049,207.8304,411.3988,358.9681,201.8984,281.5004,332.7685,270.77075,259.8304,309.897,332.8561
48.778,5.2822,12.7929,8.4277,27.9567,26.3398,15.7797,30.5503,32.6056,19.2357,207.8639,414.7801,357.7967,198.529,281.4528,331.9727,271.14935,258.3145,307.3754,330.4253
52.7923,4.8794,14.3252,11.6494,29.4556,25.8929,9.6654,34.0084,32.7451,20.0099,203.8496,415.1829,356.2644,195.3073,279.9539,332.4196,277.26365,254.8564,307.2359,329.6511
56.2378,2.8073,13.2133,12.3176,28.1807,24.3944,8.8848,33.572,34.6201,20.2341,200.4041,417.255,357.3763,194.6391,281.2288,333.9181,278.04425,255.2928,305.3609,329.4269
57.4199,0.4405,16.0327,16.056,28.071,26.9477,10.0525,33.4082,39.5673,24.4968,199.222,419.6218,354.5569,190.9007,281.3385,331.3648,276.87655,255.4566,300.4137,325.1642
50.9996,0.4275,18.5269,14.7561,31.6106,25.46,16.8888,33.9978,38.7892,26.3755,205.6423,419.6348,352.0627,192.2006,277.7989,332.8525,270.04025,254.867,301.1918,323.2855
48.9831,3.9671,19.8471,17.7786,27.6516,24.5879,13.3691,33.757,36.2399,26.7161,207.6588,416.0952,350.7425,189.1781,281.7579,333.7246,273.55995,255.1078,303.7411,322.9449
45.6494,8.2642,14.9513,13.4671,29.4564,27.2758,12.0376,30.7497,40.7234,27.4277,210.9925,411.7981,355.6383,193.4896,279.9531,331.0367,274.89145,258.1151,299.2576,322.2333
45.8491,9.3681,13.654,14.7771,27.4376,28.7792,11.3677,32.376,39.9161,31.8495,210.7928,410.6942,356.9356,192.1796,281.9719,329.5333,275.56135,256.4888,300.0649,317.8115
43.9373,10.3978,12.4994,14.6664,28.3707,31.5018,9.2247,28.9121,41.1082,33.5087,212.7046,409.6645,358.0902,192.2903,281.0388,326.8107,277.70435,259.9527,298.8728,316.1523
36.7018,8.3342,16.3714,16.1756,28.2036,33.1871,7.792,28.4566,39.9185,34.57,219.9401,411.7281,354.2182,190.7811,281.2059,325.1254,279.13705,260.4082,300.0625,315.091
35.8995,5.4439,19.4364,17.0455,31.6895,32.4765,3.051,25.0803,36.1178,36.4243,220.7424,414.6184,351.1532,189.9112,277.72,325.836,283.87805,263.7845,303.8632,313.2367
31.3215,3.6621,18.8093,16.5982,31.6674,31.467,3.1035,28.8736,33.9614,36.5135,225.3204,416.4002,351.7803,190.3585,277.7421,326.8455,283.82555,259.9912,306.0196,313.1475
30.6895,7.5353,23.2142,13.4972,34.1617,33.9239,2.0817,29.4496,37.7833,34.2515,225.9524,412.527,347.3754,193.4595,275.2478,324.3886,284.84735,259.4152,302.1977,315.4095
31.4842,10.8955,24.1405,12.2735,31.3346,32.4981,3.8471,31.0667,37.0349,35.5741,225.1577,409.1668,346.4491,194.6832,278.0749,325.8144,283.08195,257.7981,302.9461,314.0869
37.1862,13.9144,26.2415,10.8675,30.8822,35.9878,4.349,30.7213,36.9876,31.6319,219.4557,406.1479,344.3481,196.0892,278.5273,322.3247,282.58005,258.1435,302.9934,318.0291
33.2937,13.0774,20.7881,9.5977,29.4348,38.4298,7.5189,35.2697,38.1314,30.1454,223.3482,406.9849,349.8015,197.359,279.9747,319.8827,279.41015,253.5951,301.8496,319.5156
33.1495,16.5589,19.5569,9.3797,30.0195,39.541,12.157,34.5509,41.595,33.2945,223.4924,403.5034,351.0327,197.577,279.39,318.7715,274.77205,254.3139,298.386,316.3665
37.8068,17.0395,18.0135,9.1025,29.7543,39.8995,12.8294,37.948,42.3482,31.8068,218.8351,403.0228,352.5761,197.8542,279.6552,318.413,274.09965,250.9168,297.6328,317.8542
37.5348,13.8582,18.0924,7.6526,26.1319,41.2169,9.9038,41.3489,42.0143,32.8714,219.1071,406.2041,352.4972,199.3041,283.2776,317.0956,277.02525,247.5159,297.9667,316.7896
42.3628,17.6051,19.366,11.633,24.7764,50.8976,10.8997,40.3083,40.1088,32.6519,214.2791,402.4572,351.2236,195.3237,284.6331,307.4149,276.02935,248.5565,299.8722,317.0091
42.7021,15.8042,19.9924,10.4481,26.6272,50.9501,14.9491,41.7943,42.0008,33.736,213.9398,404.2581,350.5972,196.5086,282.7823,307.3624,271.97995,247.0705,297.9802,315.925
39.8612,14.2754,17.7784,7.1792,25.7949,47.1817,15.0465,42.4792,36.8257,35.2067,216.7807,405.7869,352.8112,199.7775,283.6146,311.1308,271.88255,246.3856,303.1553,314.4543
38.487,12.7543,22.7016,7.0088,29.0883,52.5986,16.4221,48.425,34.067,34.2314,218.1549,407.308,347.888,199.9479,280.3212,305.7139,270.50695,240.4398,305.914,315.4296
42.3517,16.7823,24.9688,12.2946,26.9153,54.5621,14.2155,46.1445,36.3651,28.9603,214.2902,403.28,345.6208,194.6621,282.4942,303.7504,272.71355,242.7203,303.6159,320.7007
41.2969,13.2414,26.654,7.3962,29.2365,53.1979,18.5584,42.3022,37.8974,32.012,215.345,406.8209,343.9356,199.5605,280.173,305.1146,268.37065,246.5626,302.0836,317.649
46.2791,14.5605,30.3527,5.7009,27.3104,60.4727,19.9768,43.4746,34.8692,30.8859,210.3628,405.5018,340.2369,201.2558,282.0991,297.8398,266.95225,245.3902,305.1118,318.7751
44.6908,15.4636,30.0309,3.9935,28.5886,62.2804,19.21,41.2593,36.64,31.9894,211.9511,404.5987,340.5587,202.9632,280.8209,296.0321,267.71905,247.6055,303.341,317.6716
43.916,17.9872,30.3409,0.867,26.6487,63.4088,15.1309,40.0505,38.2321,34.9046,212.7259,402.0751,340.2487,206.0897,282.7608,294.9037,271.79815,248.8143,301.7489,314.7564
44.7564,20.2201,34.7553,2.0521,26.6667,61.7008,13.6616,41.2774,35.4487,32.3909,211.8855,399.8422,335.8343,204.9046,282.7428,296.6117,273.26745,247.5874,304.5323,317.2701
47.8114,23.7843,38.6093,0.8331,29.0428,59.2333,11.2939,38.1931,35.6088,36.0644,208.8305,396.278,331.9803,206.1236,280.3667,299.0792,275.63515,250.6717,304.3722,313.5966
51.7957,27.4702,34.9954,3.7961,28.3859,54.9045,10.3407,41.3786,40.1976,38.3753,204.8462,392.5921,335.5942,203.1606,281.0236,303.408,276.58835,247.4862,299.7834,311.2857
50.6783,26.6085,40.9049,3.1924,27.5241,54.1355,11.6083,42.8435,39.2418,39.0491,205.9636,393.4538,329.6847,203.7643,281.8854,304.177,275.32075,246.0213,300.7392,310.6119
55.5555,30.3802,42.1515,3.019,30.2066,51.6993,14.1526,46.9568,36.0266,38.4498,201.0864,389.6821,328.4381,203.9377,279.2029,306.6132,272.77645,241.908,303.9544,311.2112
54.2852,31.0729,41.2019,6.1492,32.5408,53.7631,14.9143,46.4818,36.7966,41.9885,202.3567,388.9894,329.3877,200.8075,276.8687,304.5494,272.01475,242.383,303.1844,307.6725
58.1767,35.3103,40.9316,6.959,33.0889,53.2727,15.4858,49.2474,35.6646,43.5179,198.4652,384.752,329.658,199.9977,276.3206,305.0398,271.44325,239.6174,304.3164,306.1431
56.9436,39.9468,39.9613,8.1322,30.223,58.303,16.827,46.637,35.0655,45.2764,199.6983,380.1155,330.6283,198.8245,279.1865,300.0095,270.10205,242.2278,304.9155,304.3846
56.8325,43.1682,38.7557,7.4615,29.5498,62.6497,24.1967,47.6242,36.5007,52.7511,199.8094,376.8941,331.8339,199.4952,279.8597,295.6628,262.73235,241.2406,303.4803,296.9099
50.1975,42.4424,41.8791,13.1975,30.4793,63.4336,25.427,50.9465,36.7056,54.5685,206.4444,377.6199,328.7105,193.7592,278.9302,294.8789,261.50205,237.9183,303.2754,295.0925
51.0691,43.5944,47.149,18.2714,35.0253,63.0355,26.1494,49.5815,36.0464,58.0313,205.5728,376.4679,323.4406,188.6853,274.3842,295.277,260.77965,239.2833,303.9346,291.6297
50.3817,44.1556,50.8406,15.4868,29.6836,66.4338,30.674,50.1627,33.6667,58.2472,206.2602,375.9067,319.749,191.4699,279.7259,291.8787,256.25505,238.7021,306.3143,291.4138
52.6143,45.1872,52.7727,15.2389,33.0576,63.7504,31.2609,54.8376,31.8466,63.3655,204.0276,374.8751,317.8169,191.7178,276.3519,294.5621,255.66815,234.0272,308.1344,286.2955
56.9402,43.4955,55.3688,14.9031,35.0167,65.8829,29.8303,53.112,29.4886,63.4639,199.7017,376.5668,315.2208,192.0536,274.3928,292.4296,257.09875,235.7528,310.4924,286.1971
58.2307,44.0941,53.4723,17.8029,39.9393,64.4626,32.6459,50.5242,28.2375,61.1814,198.4112,375.9682,317.1173,189.1538,269.4702,293.8499,254.28315,238.3406,311.7435,288.4796
57.2728,44.4025,58.095,16.751,41.7478,63.7534,32.049,53.3443,33.2454,61.4874,199.3691,375.6598,312.4946,190.2057,267.6617,294.5591,254.88005,235.5205,306.7356,288.1736
62.3531,49.0116,62.852,18.8578,41.159,62.326,32.9337,53.6322,33.9861,57.2971,194.2888,371.0507,307.7376,188.0989,268.2505,295.9865,253.99535,235.2326,305.9949,292.3639
57.6139,50.0624,59.6808,15.7503,44.6521,64.199,35.6021,51.0701,32.8826,60.9744,199.028,369.9999,310.9088,191.2064,264.7574,294.1135,251.32695,237.7947,307.0984,288.6866
56.1829,44.9203,58.1011,16.2887,44.7377,62.4903,38.0897,49.0555,32.8943,58.1914,200.459,375.142,312.4885,190.668,264.6718,295.8222,248.83935,239.8093,307.0867,291.4696
60.1443,42.4338,62.5977,17.7054,42.5014,60.0264,34.1977,50.3217,33.8934,59.2866,196.4976,377.6285,307.9919,189.2513,266.9081,298.2861,252.73135,238.5431,306.0876,290.3744
58.1012,43.6038,62.6538,14.6387,45.8857,61.8395,28.2983,51.3196,34.9738,62.0557,198.5407,376.4585,307.9358,192.318,263.5238,296.473,258.63075,237.5452,305.0072,287.6053
61.121,40.2442,62.2233,13.7802,46.594,61.0692,26.7917,50.7394,36.1671,63.683,195.5209,379.8181,308.3663,193.1765,262.8155,297.2433,260.13735,238.1254,303.8139,285.978
58.6785,39.566,56.6034,16.6401,46.2392,62.3758,31.5123,51.6954,39.4023,65.0213,197.9634,380.4963,313.9862,190.3166,263.1703,295.9367,255.41675,237.1694,300.5787,284.6397
58.3042,43.42,56.9752,22.5841,45.9921,61.7948,32.4842,53.5388,38.8425,63.0841,198.3377,376.6423,313.6144,184.3726,263.4174,296.5177,254.44485,235.326,301.1385,286.5769
56.6456,45.7108,56.0413,24.0682,43.9984,62.858,32.4327,51.9548,40.1321,63.2885,199.9963,374.3515,314.5483,182.8885,265.4111,295.4545,254.49635,236.91,299.8489,286.3725
54.6979,44.8295,55.0437,24.9226,47.3927,56.4231,32.3703,51.4588,38.8454,66.1001,201.944,375.2328,315.5459,182.0341,262.0168,301.8894,254.55875,237.406,301.1356,283.5609
53.5659,47.5255,51.4203,28.9884,43.1936,58.0056,35.467,49.8889,34.277,64.4298,203.076,372.5368,319.1693,177.9683,266.2159,300.3069,251.46205,238.9759,305.704,285.2312
56.2713,45.9969,53.1791,30.2356,45.3926,63.2597,36.6914,53.7839,33.1138,61.5105,200.3706,374.0654,317.4105,176.7211,264.0169,295.0528,250.23765,235.0809,306.8672,288.1505
51.142,43.3912,61.0713,28.3678,47.2068,66.3594,38.3002,50.7508,37.2155,60.012,205.4999,376.6711,309.5183,178.5889,262.2027,291.9531,248.62885,238.114,302.7655,289.649
52.1995,45.9962,60.0063,28.313,48.2805,69.1194,33.1193,55.3713,36.6273,62.6226,204.4424,374.0661,310.5833,178.6437,261.129,289.1931,253.80975,233.4935,303.3537,287.0384
48.035,49.4926,60.2155,25.7051,50.4871,68.8351,33.0088,54.2138,39.6809,62.2462,208.6069,370.5697,310.3741,181.2516,258.9224,289.4774,253.92025,234.651,300.3001,287.4148
47.4205,43.8225,61.6789,27.2443,46.2108,69.664,33.4096,54.5585,41.6232,63.1858,209.2214,376.2398,308.9107,179.7124,263.1987,288.6485,253.51945,234.3063,298.3578,286.4752
47.4793,46.5098,60.1785,29.165,48.5419,70.6602,31.4842,57.4419,40.393,58.9194,209.1626,373.5525,310.4111,177.7917,260.8676,287.6523,255.44485,231.4229,299.588,290.7416
51.6695,41.9789,62.0629,27.8918,47.4714,71.2653,31.7735,59.7439,45.8053,57.2252,204.9724,378.0834,308.5267,179.0649,261.9381,287.0472,255.15555,229.1209,294.1757,292.4358
48.5097,43.5364,62.5266,26.253,49.841,69.418,30.5299,59.1906,48.4662,55.7246,208.1322,376.5259,308.063,180.7037,259.5685,288.8945,256.39915,229.6742,291.5148,293.9364
48.0333,49.1255,61.3829,29.4759,43.9004,68.8361,33.1814,61.8916,51.2042,52.7253,208.6086,370.9368,309.2067,177.4808,265.5091,289.4764,253.74765,226.9732,288.7768,296.9357
51.9019,50.191,61.6253,24.0265,45.707,68.7237,32.0212,59.1203,49.1475,56.1813,204.74,369.8713,308.9643,182.9302,263.7025,289.5888,254.90785,229.7445,290.8335,293.4797
48.4696,53.2603,63.8279,26.7289,40.3464,67.802,35.8231,63.1254,47.7855,59.2826,208.1723,366.802,306.7617,180.2278,269.0631,290.5105,251.10595,225.7394,292.1955,290.3784
43.0704,51.7118,61.7553,25.1673,39.8869,70.366,36.0602,66.5456,49.8458,55.4861,213.5715,368.3505,308.8343,181.7894,269.5226,287.9465,250.86885,222.3192,290.1352,294.1749
45.1406,49.0667,62.5126,30.2435,42.4925,77.4319,38.7796,66.9446,53.3701,56.4972,211.5013,370.9956,308.077,176.7132,266.917,280.8806,248.14945,221.9202,286.6109,293.1638
44.0256,44.4611,63.0962,32.2885,44.843,74.2807,45.1747,68.3632,53.6503,54.2926,212.6163,375.6012,307.4934,174.6682,264.5665,284.0318,241.75435,220.5016,286.3307,295.3684
49.6776,47.6068,61.3206,29.9359,43.9412,74.9702,45.7016,71.3047,58.5296,54.2041,206.9643,372.4555,309.269,177.0208,265.4683,283.3423,241.22745,217.5601,281.4514,295.4569
46.7939,46.4852,65.026,27.8604,45.9288,71.504,50.0059,70.7876,58.5415,54.6749,209.848,373.5771,305.5636,179.0963,263.4807,286.8085,236.92315,218.0772,281.4395,294.9861
47.2437,49.8574,62.0999,30.3809,44.6026,75.3002,47.5184,72.5806,60.7913,59.548,209.3982,370.2049,308.4897,176.5758,264.8069,283.0123,239.41065,216.2842,279.1897,290.113
48.758,50.5256,64.464,27.2777,44.6099,79.3804,52.6925,74.7488,61.1502,60.8781,207.8839,369.5367,306.1256,179.679,264.7996,278.9321,234.23655,214.116,278.8308,288.7829
49.1008,47.2621,62.484,28.4149,46.2502,75.3318,49.8453,76.0829,64.3945,59.4913,207.5411,372.8002,308.1056,178.5418,263.1593,282.9807,237.08375,212.7819,275.5865,290.1697
48.9503,50.2836,62.3228,28.8115,48.3097,80.8243,50.0223,72.6745,63.8792,62.0409,207.6916,369.7787,308.2668,178.1452,261.0998,277.4882,236.90675,216.1903,276.1018,287.6201
45.8538,52.0891,65.6017,25.8914,46.9225,78.3044,49.5076,72.1364,64.1461,64.7086,210.7881,367.9732,304.9879,181.0653,262.487,280.0081,237.42145,216.7284,275.8349,284.9524
44.4517,52.6877,66.734,27.9989,46.6775,79.2545,46.8172,67.2578,60.5055,65.4245,212.1902,367.3746,303.8556,178.9578,262.732,279.058,240.11185,221.607,279.4755,284.2365
47.0186,50.369,62.2185,27.8057,42.5261,82.512,43.7064,66.5944,61.6552,71.7069,209.6233,369.6933,308.3711,179.151,266.8834,275.8005,243.22265,222.2704,278.3258,277.9541
50.8328,46.5123,60.44,28.0775,42.4985,83.2514,45.7666,64.8546,62.2426,71.6157,205.8091,373.55,310.1496,178.8792,266.911,275.0611,241.16245,224.0102,277.7384,278.0453
51.6448,50.0722,58.4228,28.2978,42.094,89.6752,42.4411,64.9505,63.9898,70.7511,204.9971,369.9901,312.1668,178.6589,267.3155,268.6373,244.48795,223.9143,275.9912,278.9099
53.1455,52.8686,56.353,30.62,46.1265,97.3078,39.244,66.2991,65.2346,72.5462,203.4964,367.1937,314.2366,176.3367,263.283,261.0047,247.68505,222.5657,274.7464,277.1148
55.259,59.9807,57.8447,30.3933,46.8032,98.0237,42.5807,68.8451,63.8137,69.4507,201.3829,360.0816,312.7449,176.5634,262.6063,260.2888,244.34835,220.0197,276.1673,280.2103
61.9765,63.8108,58.7387,33.1641,48.4739,93.3281,42.9352,68.8163,65.9206,68.7119,194.6654,356.2515,311.8509,173.7926,260.9356,264.9844,243.99385,220.0485,274.0604,280.9491
60.4864,63.7041,55.5919,30.3472,49.01,92.7124,44.2898,69.2725,73.1764,67.633,196.1555,356.3582,314.9977,176.6095,260.3995,265.6001,242.63925,219.5923,266.8046,282.028
60.5585,59.0809,64.8143,30.6866,49.9558,90.8186,42.2551,72.3034,71.8293,71.5983,196.0834,360.9814,305.7753,176.2701,259.4537,267.4939,244.67395,216.5614,268.1517,278.0627
57.0589,58.0576,65.4897,28.1724,48.7171,89.1452,42.0844,76.0842,74.6459,73.8185,199.583,362.0047,305.0999,178.7843,260.6924,269.1673,244.84465,212.7806,265.3351,275.8425
54.5358,64.715,60.9145,24.7335,50.3235,86.5116,43.2465,77.0099,73.4672,75.7759,202.1061,355.3473,309.6751,182.2232,259.086,271.8009,243.68255,211.8549,266.5138,273.8851
55.3264,66.4488,60.7858,26.8143,49.617,87.0685,44.0395,79.6385,71.4138,78.5595,201.3155,353.6135,309.8038,180.1424,259.7925,271.244,242.88955,209.2263,268.5672,271.1015
57.2178,68.1851,59.5598,32.3313,50.8235,92.9921,49.1204,78.0574,68.7931,81.2891,199.4241,351.8772,311.0298,174.6254,258.586,265.3204,237.80865,210.8074,271.1879,268.3719
59.2915,73.8449,57.7664,33.6467,55.3997,91.4481,47.8192,82.6026,70.6654,81.7257,197.3504,346.2174,312.8232,173.31,254.0098,266.8644,239.10985,206.2622,269.3156,267.9353
61.0466,71.4398,55.8474,32.6716,57.2895,91.056,47.7724,81.199,71.1033,78.3297,195.5953,348.6225,314.7422,174.2851,252.12,267.2565,239.15665,207.6658,268.8777,271.3313
58.363,70.2698,59.6175,33.5529,58.7918,94.4922,50.3243,79.5183,73.7649,74.2325,198.2789,349.7925,310.9721,173.4038,250.6177,263.8203,236.60475,209.3465,266.2161,275.4285
60.6471,66.961,60.9371,33.5921,57.1212,98.051,53.1827,81.2921,73.6122,74.6825,195.9948,353.1013,309.6525,173.3646,252.2883,260.2615,233.74635,207.5727,266.3688,274.9785
59.4345,71.1211,61.2717,37.3605,61.0333,99.6856,48.3107,81.4692,70.8525,79.4336,197.2074,348.9412,309.3179,169.5962,248.3762,258.6269,238.61835,207.3956,269.1285,270.2274
58.8002,77.1973,61.3155,39.1323,61.2201,102.7502,47.6238,77.6218,70.6777,81.9822,197.8417,342.865,309.2741,167.8244,248.1894,255.5623,239.30525,211.243,269.3033,267.6788
51.9336,81.077,61.8023,39.9624,59.4407,105.4039,46.1834,80.8225,70.8325,85.104,204.7083,338.9853,308.7873,166.9943,249.9688,252.9086,240.74565,208.0423,269.1485,264.557
48.9411,77.1802,61.0734,43.2794,57.9937,104.7439,46.491,83.0118,72.8028,90.2,207.7008,342.8821,309.5162,163.6773,251.4158,253.5686,240.43805,205.853,267.1782,259.461
43.444,79.8948,58.7054,48.096,61.0792,106.2286,48.2041,87.721,69.9503,89.2665,213.1979,340.1675,311.8842,158.8607,248.3303,252.0839,238.72495,201.1438,270.0307,260.3945
42.6828,78.7721,54.1766,49.2505,64.1065,105.7872,49.731,88.8511,65.4238,87.9401,213.9591,341.2902,316.413,157.7062,245.303,252.5253,237.19805,200.0137,274.5572,261.7209
40.0825,79.7634,54.9402,47.8627,67.3834,103.7564,53.0995,91.0663,66.9878,91.2055,216.5594,340.2989,315.6494,159.094,242.0261,254.5561,233.82955,197.7985,272.9932,258.4555
38.9997,78.3101,54.1685,52.119,65.34,105.7858,54.634,88.3698,65.2832,89.6584,217.6422,341.7522,316.4211,154.8377,244.0695,252.5267,232.29505,200.495,274.6978,260.0026
40.1851,81.3743,52.1751,52.9333,63.8175,106.3142,55.8185,93.6395,64.3348,95.8291,216.4568,338.688,318.4145,154.0234,245.592,251.9983,231.11055,195.2253,275.6462,253.8319
36.139,78.6256,51.786,55.1549,63.3852,106.1691,58.6703,100.2638,66.141,98.5355,220.5029,341.4367,318.8036,151.8018,246.0243,252.1434,228.25875,188.601,273.84,251.1255
38.8469,80.2192,53.274,58.2106,61.7398,107.291,60.1545,99.6049,66.5395,97.2043,217.795,339.8431,317.3156,148.7461,247.6697,251.0215,226.77455,189.2599,273.4415,252.4567
42.0977,85.7927,53.6395,57.2148,60.733,110.2542,56.9999,98.1167,67.3258,96.5661,214.5442,334.2696,316.9501,149.7419,248.6765,248.0583,229.92915,190.7481,272.6552,253.0949
41.886,82.8857,55.8948,54.0795,58.8911,111.6438,57.6405,101.1128,70.8092,98.2968,214.7559,337.1766,314.6948,152.8772,250.5184,246.6687,229.28855,187.752,269.1718,251.3642
41.612,87.5452,57.8472,53.7394,57.7783,112.5085,53.6125,98.4591,73.9793,100.533,215.0299,332.5171,312.7424,153.2173,251.6312,245.804,233.31655,190.4057,266.0017,249.128
41.4198,83.7275,60.2717,58.3615,58.4207,113.5988,56.901,99.2155,74.3388,103.9743,215.2221,336.3348,310.3179,148.5952,250.9888,244.7137,230.02805,189.6493,265.6422,245.6867
43.67,79.9975,61.1327,57.8799,59.2576,114.0843,51.6742,99.2088,73.2821,105.2238,212.9719,340.0648,309.4569,149.0768,250.1519,244.2282,235.25485,189.656,266.6989,244.4372
44.2913,82.9317,59.4757,57.7506,54.6804,112.3852,50.5694,101.7459,70.4737,102.889,212.3506,337.1306,311.1139,149.2061,254.7291,245.9273,236.35965,187.1189,269.5073,246.772
42.2603,82.003,65.5194,55.7112,54.8997,114.8169,51.1688,96.8868,71.6591,103.4855,214.3816,338.0593,305.0702,151.2455,254.5098,243.4956,235.76025,191.978,268.3219,246.1755
40.0908,87.7423,70.3582,58.5535,53.4957,118.8945,51.4177,97.5634,78.1289,99.7711,216.5511,332.32,300.2314,148.4032,255.9138,239.418,235.51135,191.3014,261.8521,249.8899
38.8936,89.8587,67.4952,58.4196,54.1283,117.8314,56.7495,98.6063,81.2492,101.6456,217.7483,330.2036,303.0944,148.5371,255.2812,240.4811,230.17955,190.2585,258.7318,248.0154
37.3474,93.2813,68.3593,56.2163,56.8087,123.2818,57.2462,94.2705,82.1944,103.5091,219.2945,326.781,302.2303,150.7404,252.6008,235.0307,229.68285,194.5943,257.7866,246.1519
36.2998,90.6593,63.9679,56.3233,58.1214,123.1654,55.972,94.2002,79.6397,104.2472,220.3421,329.403,306.6217,150.6334,251.2881,235.1471,230.95705,194.6646,260.3413,245.4138
38.6374,87.8795,71.6151,47.7787,51.997,123.2756,60.4782,98.9295,74.553,100.7487,218.0045,332.1828,298.9745,159.178,257.4125,235.0369,226.45085,189.9353,265.428,248.9123
36.1926,102.5205,73.3502,46.5417,50.307,119.926,55.4929,93.5788,73.1484,108.8856,220.4493,317.5418,297.2394,160.415,259.1025,238.3865,231.43615,195.286,266.8326,240.7754
43.0336,107.8182,69.6107,48.348,42.6858,117.1333,59.7785,93.3911,54.7466,115.5132,213.6083,312.2441,300.9789,158.6087,266.7237,241.1792,227.15055,195.4737,285.2344,234.1478
42.535,99.713,55.6724,49.5047,43.9316,113.4907,62.5063,95.8327,58.3552,113.1463,214.1069,320.3493,314.9172,157.452,265.4779,244.8218,224.42275,193.0321,281.6258,236.5147
46.329,91.5967,45.1964,56.0077,39.843,116.7634,61.8281,94.4675,66.3352,107.4859,210.3129,328.4656,325.3932,150.949,269.5665,241.5491,225.10095,194.3973,273.6458,242.1751
45.1197,82.2353,57.8375,50.7887,41.8863,126.614,59.9365,104.192,68.3204,114.1998,211.5222,337.827,312.7521,156.168,267.5232,231.6985,226.99255,184.6728,271.6606,235.4612
50.7744,82.0219,49.7385,52.354,39.8062,130.8051,55.0371,109.6634,67.9896,118.8197,205.8675,338.0404,320.8511,154.6027,269.6033,227.5074,231.89195,179.2014,271.9914,230.8413
44.0671,100.1902,55.1424,56.5412,39.6657,136.7251,46.4972,108.0009,76.5484,120.4098,212.5748,319.8721,315.4472,150.4155,269.7438,221.5874,240.43185,180.8639,263.4326,229.2512
35.7756,89.9803,52.7678,59.7714,34.2269,145.2255,45.6536,111.1557,75.685,123.161,220.8663,330.082,317.8218,147.1853,275.1826,213.087,241.27545,177.7091,264.296,226.5
32.527,92.266,56.0112,63.5654,33.5561,133.3992,51.1664,118.5288,74.0193,128.25,224.1149,327.7963,314.5784,143.3913,275.8534,224.9133,235.76265,170.336,265.9617,221.411
48.1234,105.793,63.2903,66.6204,31.7933,133.9126,48.7886,121.2423,80.3191,127.3684,208.5185,314.2693,307.2993,140.3363,277.6162,224.3999,238.14045,167.6225,259.6619,222.2926
60.1004,113.3606,67.9331,68.8454,39.3179,137.1806,58.5737,125.5892,81.7482,136.991,196.5415,306.7017,302.6565,138.1113,270.0916,221.1319,228.35535,163.2756,258.2328,212.67
66.0611,128.6023,75.3561,62.793,44.3005,142.3759,55.2732,130.3924,79.7908,140.2253,190.5808,291.46,295.2335,144.1637,265.109,215.9366,231.65585,158.4724,260.1902,209.4357
66.2735,118.947,78.6499,63.3895,51.8817,136.8713,68.0014,135.7036,85.7326,137.5694,190.3684,301.1153,291.9397,143.5672,257.5278,221.4412,218.92765,153.1612,254.2484,212.0916
64.6809,119.8625,77.6852,64.7294,57.2483,132.9488,65.7388,130.1043,84.5886,136.3583,191.961,300.1998,292.9044,142.2273,252.1612,225.3637,221.19025,158.7605,255.3924,213.3027
64.5018,117.0121,89.9935,71.4152,65.2344,138.5327,67.6642,127.9231,93.8714,145.7196,192.1401,303.0502,280.5961,135.5415,244.1751,219.7798,219.26485,160.9417,246.1096,203.9414
67.4687,115.0625,97.4582,73.0712,64.7069,139.3158,76.6574,127.4557,91.941,143.6809,189.1732,304.9998,273.1314,133.8855,244.7026,218.9967,210.27165,161.4091,248.04,205.9801
78.3567,124.6252,92.1102,71.184,60.856,143.6425,84.5839,120.403,90.1981,139.4693,178.2852,295.4371,278.4794,135.7727,248.5535,214.67,202.34515,168.4618,249.7829,210.1917
83.9463,122.2816,87.4285,72.2217,69.3568,139.9592,81.9749,114.3849,88.2713,146.9795,172.6956,297.7807,283.1611,134.735,240.0527,218.3533,204.95415,174.4799,251.7097,202.6815
94.4164,125.4856,92.9354,69.7895,67.3867,132.714,87.2831,117.6774,91.5565,150.0689,162.2255,294.5767,277.6542,137.1672,242.0228,225.5985,199.64595,171.1874,248.4245,199.5921
88.4374,134.4952,96.3198,72.139,73.6098,138.1419,82.7864,120.9765,99.8623,163.1289,168.2045,285.5671,274.2698,134.8177,235.7997,220.1706,204.14265,167.8883,240.1187,186.5321
75.8501,139.2253,99.1074,71.6294,76.8853,145.8563,75.1598,127.269,103.1973,163.1112,180.7918,280.837,271.4822,135.3273,232.5242,212.4562,211.76925,161.5958,236.7837,186.5498
74.9859,149.563,101.737,73.4591,81.4564,155.8923,80.0583,130.6036,108.6827,167.8875,181.656,270.4993,268.8526,133.4976,227.9531,202.4202,206.87075,158.2612,231.2983,181.7735
68.5098,147.0225,99.8188,78.0021,89.8739,149.1847,72.3059,127.9462,116.7253,169.185,188.1321,273.0398,270.7708,128.9546,219.5356,209.1278,214.62315,160.9186,223.2557,180.476
71.4392,154.2218,102.8868,72.1925,87.8769,143.5107,62.3923,129.263,117.4462,172.8723,185.2027,265.8405,267.7028,134.7642,221.5326,214.8018,224.53675,159.6018,222.5348,176.7887
64.1747,146.0621,114.95,72.3264,80.6952,137.1119,63.4746,126.8716,123.8659,165.8602,192.4672,274.0002,255.6396,134.6303,228.7143,221.2006,223.45445,161.9932,216.1151,183.8008
68.3334,150.7227,115.4528,68.6534,84.4718,138.2914,72.207,132.8601,124.6071,168.5812,188.3085,269.3396,255.1368,138.3033,224.9377,220.0211,214.72205,156.0047,215.3739,181.0798
66.5983,154.7557,110.329,70.4871,80.506,136.4345,80.051,126.2649,137.1189,174.0192,190.0436,265.3066,260.2606,136.4696,228.9035,221.878,206.87805,162.5999,202.8621,175.6418
69.9807,153.6239,99.2354,73.0071,72.6693,144.7883,73.54,132.2127,139.8962,175.3889,186.6612,266.4384,271.3542,133.9496,236.7402,213.5242,213.38905,156.6521,200.0848,174.2721
70.3297,158.8791,104.5746,72.7713,72.9313,138.4888,75.1373,136.2484,138.4098,174.8856,186.3122,261.1832,266.015,134.1854,236.4782,219.8237,211.79175,152.6164,201.5712,174.7754
80.5198,145.2948,106.4968,81.7924,82.4548,130.6692,80.7856,141.7392,140.3412,176.4226,176.1221,274.7675,264.0928,125.1643,226.9547,227.6433,206.14345,147.1256,199.6398,173.2384
74.939,158.2812,109.5731,87.2529,77.0516,133.1556,87.3388,140.0774,137.8631,166.7673,181.7029,261.7811,261.0165,119.7038,232.3579,225.1569,199.59025,148.7874,202.1179,182.8937
74.2844,153.7502,111.202,95.4156,77.6243,140.8679,96.9974,142.5206,131.198,174.7387,182.3575,266.3121,259.3876,111.5411,231.7852,217.4446,189.93165,146.3442,208.783,174.9223
66.4875,157.8675,105.5324,101.9902,79.0991,138.0198,106.7911,143.7034,134.4488,177.9491,190.1544,262.1948,265.0572,104.9665,230.3104,220.2927,180.13795,145.1614,205.5322,171.7119
57.5086,163.141,113.0733,113.1634,73.8909,132.7227,112.7222,137.1088,137.081,182.2626,199.1333,256.9213,257.5163,93.7933,235.5186,225.5898,174.20685,151.756,202.9,167.3984
67.2232,154.2293,125.3982,117.4955,78.1442,133.3325,106.5845,141.074,141.9417,187.1269,189.4187,265.833,245.1914,89.4612,231.2653,224.98,180.34455,147.7908,198.0393,162.5341
66.4907,152.6349,128.3473,122.1848,71.7586,126.0732,108.1946,144.816,138.8706,190.0446,190.1512,267.4274,242.2423,84.7719,237.6509,232.2393,178.73445,144.0488,201.1104,159.6164
68.3444,143.614,131.947,121.6554,77.5098,127.565,102.2928,142.2838,136.0103,198.9498,188.2975,276.4483,238.6426,85.3013,231.8997,230.7475,184.63625,146.581,203.9707,150.7112
65.7136,149.9351,134.0195,115.718,75.4795,133.3484,110.2176,150.2455,134.8135,194.429,190.9283,270.1272,236.5701,91.2387,233.93,224.9641,176.71145,138.6193,205.1675,155.232
69.0526,151.8308,138.286,114.2129,72.1378,135.9006,120.8358,142.3053,130.8918,195.4338,187.5893,268.2315,232.3036,92.7438,237.2717,222.4119,166.09325,146.5595,209.0892,154.2272
69.2375,160.9064,137.9819,117.6587,69.1174,127.1978,111.6449,141.5305,146.5331,202.5704,187.4044,259.1559,232.6077,89.298,240.2921,231.1147,175.28415,147.3343,193.4479,147.0906
71.5584,156.038,134.0059,123.5851,73.3181,125.7572,117.4659,140.8625,149.8991,203.8934,185.0835,264.0243,236.5837,83.3716,236.0914,232.5553,169.46315,148.0023,190.0819,145.7676
67.1253,163.0948,137.9363,120.8744,74.1988,125.559,117.0519,138.4858,147.843,208.6955,189.5166,256.9675,232.6533,86.0823,235.2107,232.7535,169.87715,150.379,192.138,140.9655
66.3804,166.0789,138.4558,111.728,80.8357,136.5556,115.9227,136.3726,151.4883,201.5239,190.2615,253.9834,232.1338,95.2287,228.5738,221.7569,171.00635,152.4922,188.4927,148.1371
77.23,166.5053,140.4263,115.7201,80.0144,142.7965,112.6181,140.3286,159.3944,204.7693,179.4119,253.557,230.1633,91.2366,229.3951,215.516,174.31095,148.5362,180.5866,144.8917
83.3747,174.9761,134.7795,121.5317,82.0549,143.8945,120.7035,137.1049,164.3799,211.9022,173.2672,245.0862,235.8101,85.425,227.3546,214.418,166.22555,151.7599,175.6011,137.7588
86.009,166.7452,140.7864,119.9769,78.0013,152.223,124.1312,138.8694,170.6304,201.4486,170.6329,253.3171,229.8032,86.9798,231.4082,206.0895,162.79785,149.9954,169.3506,148.2124
81.9316,164.631,143.1416,125.9736,95.6469,148.0948,124.9022,138.0199,174.5742,201.6017,174.7103,255.4313,227.448,80.9831,213.7626,210.2177,162.02685,150.8449,165.4068,148.0593
84.8393,163.4647,141.6253,126.1253,104.3866,147.6519,128.5101,138.7406,167.9992,196.3705,171.8026,256.5976,228.9643,80.8314,205.0229,210.6606,158.41895,150.1242,171.9818,153.2905
72.7931,159.2275,135.6221,130.0594,106.6446,156.5265,135.2716,150.3657,165.3782,192.3193,183.8488,260.8348,234.9675,76.8973,202.7649,201.786,151.65745,138.4991,174.6028,157.3417
80.4346,157.4838,139.8226,132.6628,107.768,165.8763,132.0705,148.8984,172.3863,196.8563,176.2073,262.5785,230.767,74.2939,201.6415,192.4362,154.85855,139.9664,167.5947,152.8047
80.0594,173.2678,141.7453,131.4292,112.7652,171.1411,129.2655,154.9842,172.7382,204.0253,176.5825,246.7945,228.8443,75.5275,196.6443,187.1714,157.66355,133.8806,167.2428,145.6357
81.7069,178.2301,146.2501,127.9137,116.6618,175.1379,134.3087,156.5845,175.5097,204.317,174.935,241.8322,224.3395,79.043,192.7477,183.1746,152.62035,132.2803,164.4713,145.344
96.5787,181.3199,148.9906,125.762,114.6988,173.4365,144.0993,158.1511,179.8461,202.9695,160.0632,238.7424,221.599,81.1947,194.7107,184.876,142.82975,130.7137,160.1349,146.6915
101.6018,183.9446,158.6152,135.0035,105.6565,178.7781,152.1146,149.4834,175.8413,213.9061,155.0401,236.1177,211.9744,71.9532,203.753,179.5344,134.81445,139.3814,164.1397,135.7549
110.2025,183.6836,158.2718,129.5182,110.7098,175.7959,152.9029,156.2849,178.2473,214.8504,146.4394,236.3787,212.3178,77.4385,198.6997,182.5166,134.02615,132.5799,161.7337,134.8106
117.7973,185.7677,157.8586,133.9264,107.9592,180.236,147.2558,158.5025,177.3466,218.2644,138.8446,234.2946,212.731,73.0303,201.4503,178.0765,139.67325,130.3623,162.6344,131.3966
116.9867,191.5152,159.742,133.5201,114.3284,183.1274,136.2588,157.6059,170.946,217.8233,139.6552,228.5471,210.8476,73.4366,195.0811,175.1851,150.67025,131.2589,169.035,131.8377
118.0147,192.0829,169.2158,135.2596,124.2213,190.556,132.7559,159.204,174.4268,221.9078,138.6272,227.9794,201.3738,71.6971,185.1882,167.7565,154.17315,129.6608,165.5542,127.7532
119.6971,184.1148,169.0371,132.9758,120.4968,189.7025,140.133,160.0272,171.3603,216.8407,136.9448,235.9475,201.5525,73.9809,188.9127,168.61,146.79605,128.8376,168.6207,132.8203
118.7796,189.4964,170.9546,139.2923,127.2273,194.4687,138.6273,171.1213,170.0996,218.3549,137.8623,230.5659,199.635,67.6644,182.1822,163.8438,148.30175,117.7435,169.8814,131.3061
118.7152,181.6775,173.8159,139.1178,131.3801,200.0658,141.5287,166.6644,164.4131,215.0681,137.9267,238.3848,196.7737,67.8389,178.0294,158.2467,145.40035,122.2004,175.5679,134.5929
108.2653,184.7201,174.8872,137.9417,137.2783,196.712,144.0546,165.0931,162.6225,215.4542,148.3766,235.3422,195.7024,69.015,172.1312,161.6005,142.87445,123.7717,177.3585,134.2068
110.044,190.7056,175.8932,135.2169,141.8226,198.9388,133.7987,167.8837,166.3483,220.5027,146.5979,229.3567,194.6964,71.7398,167.5869,159.3737,153.13035,120.9811,173.6327,129.1583
110.4785,189.0976,173.7707,136.1771,152.6789,208.7906,141.8187,179.095,176.0639,232.2705,146.1634,230.9647,196.8189,70.7796,156.7306,149.5219,145.11035,109.7698,163.9171,117.3905
101.663,193.4756,170.9728,140.2837,153.6676,210.7856,153.9325,181.8567,171.4764,231.2786,154.9789,226.5867,199.6168,66.673,155.7419,147.5269,132.99655,107.0081,168.5046,118.3824
99.453,205.8623,170.2219,141.4646,160.1455,210.5525,155.1267,189.1363,174.7036,235.5003,157.1889,214.2,200.3677,65.4921,149.264,147.76,131.80235,99.7285,165.2774,114.1607
92.3894,207.972,171.4896,151.3614,164.3329,214.3689,161.8107,194.5188,178.8731,234.4818,164.2525,212.0903,199.1,55.5953,145.0766,143.9436,125.11835,94.346,161.1079,115.1792
94.9077,208.5767,175.3638,152.5567,153.9754,214.3132,159.2032,199.7231,185.7973,236.3551,161.7342,211.4856,195.2258,54.4,155.4341,143.9993,127.72585,89.1417,154.1837,113.3059
89.6502,217.8247,169.584,149.0621,149.3245,218.0581,163.7577,207.9361,193.8639,252.4791,166.9917,202.2376,201.0056,57.8946,160.085,140.2544,123.17135,80.9287,146.1171,97.1819
93.6715,215.411,179.5263,145.0601,145.5171,218.745,176.3927,221.4602,189.4121,254.8386,162.9704,204.6513,191.0633,61.8966,163.8924,139.5675,110.53635,67.4046,150.5689,94.8224
94.0775,227.3197,179.7405,147.6527,153.0077,220.048,184.7337,223.6411,191.1368,253.0799,162.5644,192.7426,190.8491,59.304,156.4018,138.2645,102.19535,65.2237,148.8442,96.5811
98.6307,240.7299,180.3006,155.7136,155.4208,223.8863,182.43,223.5065,199.0491,259.7832,158.0112,179.3324,190.289,51.2431,153.9887,134.4262,104.49905,65.3583,140.9319,89.8778
104.6385,243.5411,188.3798,158.8599,147.211,232.495,178.4347,225.8971,203.3335,266.0768,152.0034,176.5212,182.2098,48.0968,162.1985,125.8175,108.49435,62.9677,136.6475,83.5842
99.0632,248.7907,188.158,161.6157,147.5118,236.2861,180.1158,225.6928,212.1415,259.4248,157.5787,171.2716,182.4316,45.341,161.8977,122.0264,106.81325,63.172,127.8395,90.2362
99.3998,243.8533,192.6886,164.2196,147.2651,246.4085,180.2616,214.8624,219.9785,257.4378,157.2421,176.209,177.901,42.7371,162.1444,111.904,106.66745,74.0024,120.0025,92.2232
90.0523,244.7314,190.895,166.6182,147.792,237.0754,181.3296,215.6488,233.7807,256.4672,166.5896,175.3309,179.6946,40.3385,161.6175,121.2371,105.59945,73.216,106.2003,93.1938
85.8996,257.1355,183.9429,163.5798,153.1193,236.0982,189.4557,217.9369,221.3169,256.5249,170.7423,162.9268,186.6467,43.3769,156.2902,122.2143,97.47335,70.9279,118.6641,93.1361
87.3703,260.4387,186.1941,162.2879,148.9264,238.747,192.0258,217.3986,220.9609,258.48,169.2716,159.6236,184.3955,44.6688,160.4831,119.5655,94.90325,71.4662,119.0201,91.181
85.1096,260.9122,185.9054,165.3465,148.5006,235.7276,202.231,217.6511,220.569,256.9148,171.5323,159.1501,184.6842,41.6102,160.9089,122.5849,84.69805,71.2137,119.412,92.7462
91.9082,274.1023,192.348,177.1073,158.3405,230.3759,203.4037,225.5926,214.4359,260.6084,164.7337,145.96,178.2416,29.8494,151.069,127.9366,83.52535,63.2722,125.5451,89.0526
85.5615,272.7884,186.1553,183.6558,158.5239,235.041,204.0987,227.4293,213.0778,264.4994,171.0804,147.2739,184.4343,23.3009,150.8856,123.2715,82.83035,61.4355,126.9032,85.1616
82.742,273.7997,192.5454,190.6223,171.672,239.6831,209.6959,228.6711,222.0035,261.4409,173.8999,146.2626,178.0442,16.3344,137.7375,118.6294,77.23315,60.1937,117.9775,88.2201
93.8448,275.0635,191.3536,195.948,170.7229,242.6143,213.3515,226.5716,223.7173,264.8301,162.7971,144.9988,179.236,11.0087,138.6866,115.6982,73.57755,62.2932,116.2637,84.8309
100.1523,286.1437,196.381,189.8922,175.8916,246.1061,213.6408,225.0229,230.2002,260.2938,156.4896,133.9186,174.2086,17.0645,133.5179,112.2064,73.28825,63.8419,109.7808,89.3672
89.4775,292.0416,201.0908,197.4607,178.7637,242.8996,206.6371,225.889,240.2513,266.0587,167.1644,128.0207,169.4988,9.496,130.6458,115.4129,80.29195,62.9758,99.7297,83.6023
90.4076,290.7124,203.8457,184.4203,176.0763,241.666,202.1298,227.9659,240.1154,266.3272,166.2343,129.3499,166.7439,22.5364,133.3332,116.6465,84.79925,60.8989,99.8656,83.3338
92.4236,296.8465,205.5208,183.9813,173.0914,242.5016,206.7938,231.4222,239.3479,271.5372,164.2183,123.2158,165.0688,22.9754,136.3181,115.8109,80.13525,57.4426,100.6331,78.1238
86.3648,295.0843,202.732,188.5647,180.9474,240.2619,211.0696,241.4751,233.7783,267.6802,170.2771,124.978,167.8576,18.392,128.4621,118.0506,75.85945,47.3897,106.2027,81.9808
99.8718,308.3107,207.9552,190.98,177.4828,243.4181,204.7022,250.0534,233.711,273.2175,156.7701,111.7516,162.6344,15.9767,131.9267,114.8944,82.22685,38.8114,106.27,76.4435
96.9029,295.5111,210.7863,194.9733,177.2027,257.3337,206.7367,245.1184,231.3292,273.1556,159.739,124.5512,159.8033,11.9834,132.2068,100.9788,80.19235,43.7464,108.6518,76.5054
103.1764,299.5673,219.6413,190.9296,172.1034,256.182,210.9378,255.8134,231.5689,274.1712,153.4655,120.495,150.9483,16.0271,137.3061,102.1305,75.99125,33.0514,108.4121,75.4898
111.0427,307.9959,218.8471,186.3719,178.0843,261.0079,206.119,251.9986,231.7752,274.1334,145.5992,112.0664,151.7425,20.5848,131.3252,97.3046,80.81005,36.8662,108.2058,75.5276
115.7589,309.6119,225.7159,187.7588,185.5487,256.9343,202.2369,267.0042,229.3211,279.0853,140.883,110.4504,144.8737,19.1979,123.8608,101.3782,84.69215,21.8606,110.6599,70.5757
118.2968,303.5044,238.8096,187.0909,181.8271,265.4225,209.9552,269.4587,224.664,290.0244,138.3451,116.5579,131.78,19.8658,127.5824,92.89,76.97385,19.4061,115.317,59.6366
123.2804,310.8191,238.1342,182.3288,195.4123,261.6943,202.0755,268.5372,224.0654,296.1661,133.3615,109.2432,132.4554,24.6279,113.9972,96.6182,84.85355,20.3276,115.9156,53.4949
118.2586,308.9373,237.1497,179.3605,195.3116,264.1987,205.8383,259.2415,225.5428,297.7219,138.3833,111.125,133.4399,27.5962,114.0979,94.1138,81.09075,29.6233,114.4382,51.9391
113.1883,315.0369,238.17,181.5594,195.5195,262.3254,212.4137,258.5356,222.2034,295.1661,143.4536,105.0254,132.4196,25.3973,113.89,95.9871,74.51535,30.3292,117.7776,54.4949
112.5561,314.8044,239.1108,172.1813,202.5511,266.4348,204.3353,268.0958,225.4673,297.0108,144.0858,105.2579,131.4788,34.7754,106.8584,91.8777,82.59375,20.769,114.5137,52.6502
99.4863,319.9816,236.9848,165.5099,195.046,267.8949,205.0464,267.3122,226.1046,293.1319,157.1556,100.0807,133.6048,41.4468,114.3635,90.4176,81.88265,21.5526,113.8764,56.5291
98.3739,320.204,241.2832,172.4504,197.65,269.0621,200.2276,266.3267,226.1253,294.0697,158.268,99.8583,129.3064,34.5063,111.7595,89.2504,86.70145,22.5381,113.8557,55.5913
115.1869,327.2773,242.2513,174.0065,202.659,286.0672,202.1037,260.7789,232.3498,300.4547,141.455,92.785,128.3383,32.9502,106.7505,72.2453,84.82535,28.0859,107.6312,49.2063
118.764,324.8508,245.2586,188.4468,205.2154,284.1333,201.2698,255.9671,245.953,301.3917,137.8779,95.2115,125.331,18.5099,104.1941,74.1792,85.65925,32.8977,94.028,48.2693
121.9677,341.3488,244.8042,192.2105,208.6451,285.2853,193.9338,254.305,251.8383,309.1032,134.6742,78.7135,125.7854,14.7462,100.7644,73.0272,92.99525,34.5598,88.1427,40.5578
122.0732,350.846,260.4155,197.2127,213.9917,300.8825,198.6038,257.6101,256.6391,307.8672,134.5687,69.2163,110.1741,9.744,95.4178,57.43,88.32525,31.2547,83.3419,41.7938
122.8133,357.1303,266.0741,194.5341,214.1738,296.2148,203.1584,248.0975,258.064,311.5825,133.8286,62.932,104.5155,12.4226,95.2357,62.0977,83.77065,40.7673,81.917,38.0785
119.6347,354.4456,270.89,204.0219,215.7121,300.541,201.2859,253.0288,260.1508,314.7289,137.0072,65.6167,99.6996,2.9348,93.6974,57.7715,85.64315,35.836,79.8302,34.9321
129.729,360.7619,275.255,204.6747,210.3086,296.2449,205.4792,251.883,264.6274,308.72,126.9129,59.3004,95.3346,2.282,99.1009,62.0676,81.44985,36.9818,75.3536,40.941
128.8127,360.1072,273.1791,197.0711,212.8989,303.0985,199.7657,257.5391,263.1013,307.3585,127.8292,59.9551,97.4105,9.8856,96.5106,55.214,87.16335,31.3257,76.8797,42.3025
132.2241,372.5837,277.6029,189.9366,215.8512,306.2317,194.632,258.9161,256.6035,314.076,124.4178,47.4786,92.9867,17.0201,93.5583,52.0808,92.29705,29.9487,83.3775,35.585
127.9278,378.696,272.8205,188.4848,222.2912,311.0824,189.9285,257.9736,260.2741,309.4554,128.7141,41.3663,97.7691,18.4719,87.1183,47.2301,97.00055,30.8912,79.7069,40.2056
123.7313,388.8976,284.7459,191.3982,227.5754,311.0068,190.75,262.034,257.9602,310.0445,132.9106,31.1647,85.8437,15.5585,81.8341,47.3057,96.17905,26.8308,82.0208,39.6165
121.2836,389.1799,290.4998,180.6991,224.3851,313.7042,189.3763,266.107,261.4435,306.2893,135.3583,30.8824,80.0898,26.2576,85.0244,44.6083,97.55275,22.7578,78.5375,43.3717
118.4992,387.5653,280.8148,178.0094,228.5223,322.896,200.8899,278.2229,258.4487,302.5062,138.1427,32.497,89.7748,28.9473,80.8872,35.4165,86.03915,10.6419,81.5323,47.1548
110.4604,390.6129,284.4125,177.1912,236.432,312.2573,201.9136,272.7376,253.2163,299.0304,146.1815,29.4494,86.1771,29.7655,72.9775,46.0552,85.01545,16.1272,86.7647,50.6306
111.4745,389.2675,284.1682,181.9392,232.9559,305.0148,206.2866,270.4228,247.19,304.786,145.1674,30.7948,86.4214,25.0175,76.4536,53.2977,80.64245,18.442,92.791,44.875
103.6433,386.1585,288.0719,182.0862,239.2617,308.6132,210.7243,265.3489,250.0775,306.2207,152.9986,33.9038,82.5177,24.8705,70.1478,49.6993,76.20475,23.5159,89.9035,43.4403
105.5613,395.9464,289.8036,175.4116,249.6713,306.5485,214.0913,263.7321,261.8199,309.6005,151.0806,24.1159,80.786,31.5451,59.7382,51.764,72.83775,25.1327,78.1611,40.0605
110.0975,391.0126,294.9444,177.3295,249.0533,306.3804,216.5057,262.4578,264.2805,308.0626,146.5444,29.0497,75.6452,29.6272,60.3562,51.9321,70.42335,26.407,75.7005,41.5984
115.9073,393.9135,296.3857,190.1972,253.1813,299.8594,224.4887,261.522,268.276,308.8031,140.7346,26.1488,74.2039,16.7595,56.2282,58.4531,62.44035,27.3428,71.705,40.8579
123.0078,405.7169,293.3142,189.8486,255.3747,296.4715,219.7286,260.4407,270.437,314.632,133.6341,14.3454,77.2754,17.1081,54.0348,61.841,67.20045,28.4241,69.544,35.029
135.4757,399.9242,294.7733,191.6501,254.2166,295.7328,229.7816,259.14,273.0545,309.2193,121.1662,20.1381,75.8163,15.3066,55.1929,62.5797,57.14745,29.7248,66.9265,40.4417
131.5783,408.6807,301.5349,197.819,253.9311,293.2922,234.8133,259.2852,286.9715,306.6056,125.0636,11.3816,69.0547,9.1377,55.4784,65.0203,52.11575,29.5796,53.0095,43.0554
127.6277,409.4992,302.4477,193.4461,252.0371,290.1072,230.1308,262.9512,284.2374,313.406,129.0142,10.5631,68.1419,13.5106,57.3724,68.2053,56.79825,25.9136,55.7436,36.255
136.3049,404.9822,301.0928,181.8487,245.9092,289.275,237.4052,270.2444,284.7966,323.7721,120.337,15.0801,69.4968,25.108,63.5003,69.0375,49.52385,18.6204,55.1844,25.8889
146.7075,398.8919,303.7159,187.6255,242.5997,285.6869,245.0628,269.7132,282.6317,320.6045,109.9344,21.1704,66.8737,19.3312,66.8098,72.6256,41.86625,19.1516,57.3493,29.0565
145.2886,404.1419,300.4349,186.0951,235.6129,294.1874,255.4971,280.7831,287.8101,324.329,111.3533,15.9204,70.1547,20.8616,73.7966,64.1251,31.43195,8.0817,52.1709,25.332
142.3912,424.1019,299.6261,197.4095,239.5856,290.3571,254.673,286.8013,290.5604,319.1311,114.2507,4.0396,70.9635,9.5472,69.8239,67.9554,32.25605,2.0635,49.4206,30.5299
140.5638,430.2004,298.5445,193.5202,248.6923,301.3768,264.7478,294.6551,290.2287,324.0113,116.0781,10.1381,72.0451,13.4365,60.7172,56.9357,22.18125,5.7903,49.7523,25.6497
132.7634,428.9938,297.2668,194.2189,248.1076,300.7955,267.5419,290.8684,295.5556,326.1158,123.8785,8.9315,73.3228,12.7378,61.3019,57.517,19.38715,2.0036,44.4254,23.5452
135.7541,443.6386,312.0181,187.5153,245.8824,294.5136,261.1979,282.5945,291.6339,322.1513,120.8878,23.5763,58.5715,19.4414,63.5271,63.7989,25.73115,6.2703,48.3471,27.5097
141.309,440.5895,324.7617,185.5098,249.3074,292.6398,258.4908,285.7246,293.6658,326.2445,115.3329,20.5272,45.8279,21.4469,60.1021,65.6727,28.43825,3.1402,46.3152,23.4165
157.3581,439.9183,320.5242,187.4782,252.2734,298.9847,264.8092,288.9466,296.1264,334.3356,99.2838,19.856,50.0654,19.4785,57.1361,59.3278,22.11985,0.0818,43.8546,15.3254
156.4439,447.1373,321.9984,186.3537,248.8672,305.9722,275.6966,281.3496,305.8545,334.9016,100.198,27.075,48.5912,20.603,60.5423,52.3403,11.23245,7.5152,34.1265,14.7594
156.8181,434.8411,319.6496,194.1828,248.9008,308.22,270.836,274.8871,310.1046,331.5465,99.8238,14.7788,50.94,12.7739,60.5087,50.0925,16.09305,13.9777,29.8764,18.1145
160.5632,429.6553,331.7239,195.8586,254.5073,311.1408,271.6477,278.1501,311.6796,327.0308,96.0787,9.593,38.8657,11.0981,54.9022,47.1717,15.28135,10.7147,28.3014,22.6302
163.7503,432.1444,344.0825,193.9799,260.4477,315.8898,269.5724,285.0345,305.9797,321.8594,92.8916,12.0821,26.5071,12.9768,48.9618,42.4227,17.35665,3.8303,34.0013,27.8016
179.4824,436.2196,346.1063,200.7785,264.5561,309.5693,280.919,293.6116,299.5964,325.3678,77.1595,16.1573,24.4833,6.1782,44.8534,48.7432,6.01005,4.7468,40.3846,24.2932
183.0258,431.5052,342.8654,191.5516,262.834,307.8912,277.5774,290.1526,304.1217,328.5637,73.6161,11.4429,27.7242,15.4051,46.5755,50.4213,9.35165,1.2878,35.8593,21.0973
197.2287,434.2765,343.1225,193.1836,258.4393,299.6069,286.0231,294.7519,301.8167,325.8174,59.4132,14.2142,27.4671,13.7731,50.9702,58.7056,0.90595,5.8871,38.1643,23.8436
204.192,436.5811,350.89,197.5243,260.3314,298.6305,284.1181,299.4022,301.9404,331.2074,52.4499,16.5188,19.6996,9.4324,49.0781,59.682,2.81095,10.5374,38.0406,18.4536
214.9606,438.2282,355.5551,202.3246,264.3299,305.0536,289.6279,300.6325,298.7399,326.9688,41.6813,18.1659,15.0345,4.6321,45.0796,53.2589,2.69885,11.7677,41.2411,22.6922
210.1354,445.3292,349.8202,207.4213,263.473,310.2499,284.0206,296.4665,301.1009,336.2392,46.5065,25.2669,20.7694,0.4646,45.9365,48.0626,2.90845,7.6017,38.8801,13.4218
221.2671,444.5655,352.6009,208.1419,271.3578,323.756,293.3594,292.0222,303.7067,326.3803,35.3748,24.5032,17.9887,1.1852,38.0517,34.5565,6.43035,3.1574,36.2743,23.2807
217.0731,448.2789,357.1042,214.5626,276.8334,326.0382,283.1027,297.3406,314.3389,326.3316,39.5688,28.2166,13.4854,7.6059,32.5761,32.2743,3.82635,8.4758,25.6421,23.3294
226.8575,446.1657,363.2142,215.8936,277.5388,316.0272,286.2093,289.84,325.3582,331.7178,29.7844,26.1034,7.3754,8.9369,31.8707,42.2853,0.71975,0.9752,14.6228,17.9432
220.874,440.6612,359.5276,206.9456,281.4315,326.3666,289.837,289.6793,332.3758,333.1827,35.7679,20.5989,11.062,0.0111,27.978,31.9459,2.90795,0.8145,7.6052,16.4783
239.6519,444.5715,357.4141,207.7564,284.7589,334.5518,286.8943,291.8227,339.5117,334.8424,16.99,24.5092,13.1755,0.7997,24.6506,23.7607,0.03475,2.9579,0.4693,14.8186
245.4803,421.2065,350.5113,204.9749,281.2221,332.8688,283.1803,299.0061,334.7224,333.5515,11.1616,1.1442,20.0783,1.9818,28.1874,25.4437,3.74875,10.1413,5.2586,16.1095
248.3916,419.6438,353.7157,201.3787,277.0045,335.4468,287.8046,298.5057,342.8731,345.3507,8.2503,0.4185,16.8739,5.578,32.405,22.8657,0.87555,9.6409,2.8921,4.3103
256.6419,420.0623,370.5896,206.9567,309.4095,358.3125,286.92905,288.8648,339.981,349.661,0,0,0,0,0,0,0,0,0,0